{
  "accuracy": 0.7275132275132276,
  "precision_macro": 0.6419829769752834,
  "recall_macro": 0.5959047593087031,
  "f1_macro": 0.6115905337184409,
  "precision_weighted": 0.7164956761348049,
  "recall_weighted": 0.7275132275132276,
  "f1_weighted": 0.714613804277458,
  "bertscore_precision": 0.7415568828582764,
  "bertscore_recall": 0.7398837804794312,
  "bertscore_f1": 0.7405362725257874,
  "rouge1": 0.5544406155175425,
  "rouge2": 0.2764540695124024,
  "rougeL": 0.3903954026023567,
  "bleu": 0.20802015124296447,
  "meteor": 0.44200231359106906
}