{
  "accuracy": 0.6985,
  "precision_macro": 0.691182747106525,
  "recall_macro": 0.7030666666666667,
  "f1_macro": 0.6908306682646397,
  "precision_weighted": 0.719326027466044,
  "recall_weighted": 0.6985,
  "f1_weighted": 0.7030042107017196,
  "bertscore_precision": 0.5824534893035889,
  "bertscore_recall": 0.5791884064674377,
  "bertscore_f1": 0.5805037021636963,
  "rouge1": 0.3353193168756809,
  "rouge2": 0.09469138938697028,
  "rougeL": 0.1985412284442811,
  "bleu": 0.04468927434374651,
  "meteor": 0.20230870107382676
}